{
  "Precision@10": 0.024321192052980133,
  "Recall@10": 0.00983074676906648,
  "MAP@10": 0.010819510795794894,
  "NDCG@10": 0.02848555124955954
}