{
  "Precision@10": 0.09119205298013246,
  "Recall@10": 0.03424775918123673,
  "MAP@10": 0.04303932254775837,
  "NDCG@10": 0.09806424612051222
}