{
  "Precision@10": 0.031026490066225168,
  "Recall@10": 0.00897906082962347,
  "MAP@10": 0.01587684183006045,
  "NDCG@10": 0.03913861924812371
}