{
  "Precision@10": 0.08314569536423842,
  "Recall@10": 0.02805743355442072,
  "MAP@10": 0.04241200765472979,
  "NDCG@10": 0.0923686631094927
}