{
  "Precision@10": 0.07509933774834437,
  "Recall@10": 0.024439586079021344,
  "MAP@10": 0.03754729526867161,
  "NDCG@10": 0.08291383942564942
}